{
  "ask_date": {
    "precision": 0.9285714285714286,
    "recall": 1.0,
    "f1-score": 0.962962962962963,
    "support": 39,
    "confused_with": {}
  },
  "support_request": {
    "precision": 0.7666666666666667,
    "recall": 1.0,
    "f1-score": 0.8679245283018869,
    "support": 23,
    "confused_with": {}
  },
  "change_language": {
    "precision": 0.9523809523809523,
    "recall": 1.0,
    "f1-score": 0.975609756097561,
    "support": 20,
    "confused_with": {}
  },
  "greet": {
    "precision": 0.9629629629629629,
    "recall": 1.0,
    "f1-score": 0.9811320754716981,
    "support": 26,
    "confused_with": {}
  },
  "ask_time": {
    "precision": 1.0,
    "recall": 1.0,
    "f1-score": 1.0,
    "support": 20,
    "confused_with": {}
  },
  "goodbye": {
    "precision": 0.7857142857142857,
    "recall": 1.0,
    "f1-score": 0.88,
    "support": 22,
    "confused_with": {}
  },
  "nlu_fallback": {
    "precision": 0.0,
    "recall": 0.0,
    "f1-score": 0.0,
    "support": 19,
    "confused_with": {
      "support_request": 7,
      "goodbye": 6,
      "ask_date": 3
    }
  },
  "product_inquiry": {
    "precision": 0.9523809523809523,
    "recall": 1.0,
    "f1-score": 0.975609756097561,
    "support": 20,
    "confused_with": {}
  },
  "accuracy": 0.8994708994708994,
  "macro avg": {
    "precision": 0.7935846560846561,
    "recall": 0.875,
    "f1-score": 0.8304048848664587,
    "support": 189
  },
  "weighted avg": {
    "precision": 0.816220150611685,
    "recall": 0.8994708994708994,
    "f1-score": 0.8540298619717753,
    "support": 189
  },
  "micro avg": {
    "precision": 0.8994708994708994,
    "recall": 0.8994708994708994,
    "f1-score": 0.8994708994708994,
    "support": 189
  }
}